TrackId,InvoiceId,CustomerId,InvoiceDate,Total,FullName,Address,City,State,Country,PostalCode,Email
462,13,16,2/19/2009 0:00:00,0.99,Frank Harris,1600 Amphitheatre Parkway,Mountain View,CA,USA,94043-1351,fharris@google.com
907,134,16,8/13/2010 0:00:00,1.98,Frank Harris,1600 Amphitheatre Parkway,Mountain View,CA,USA,94043-1351,fharris@google.com
909,134,16,8/13/2010 0:00:00,1.98,Frank Harris,1600 Amphitheatre Parkway,Mountain View,CA,USA,94043-1351,fharris@google.com
1236,145,16,9/23/2010 0:00:00,13.86,Frank Harris,1600 Amphitheatre Parkway,Mountain View,CA,USA,94043-1351,fharris@google.com
1245,145,16,9/23/2010 0:00:00,13.86,Frank Harris,1600 Amphitheatre Parkway,Mountain View,CA,USA,94043-1351,fharris@google.com
1254,145,16,9/23/2010 0:00:00,13.86,Frank Harris,1600 Amphitheatre Parkway,Mountain View,CA,USA,94043-1351,fharris@google.com
1263,145,16,9/23/2010 0:00:00,13.86,Frank Harris,1600 Amphitheatre Parkway,Mountain View,CA,USA,94043-1351,fharris@google.com
1272,145,16,9/23/2010 0:00:00,13.86,Frank Harris,1600 Amphitheatre Parkway,Mountain View,CA,USA,94043-1351,fharris@google.com
1281,145,16,9/23/2010 0:00:00,13.86,Frank Harris,1600 Amphitheatre Parkway,Mountain View,CA,USA,94043-1351,fharris@google.com
1290,145,16,9/23/2010 0:00:00,13.86,Frank Harris,1600 Amphitheatre Parkway,Mountain View,CA,USA,94043-1351,fharris@google.com
1299,145,16,9/23/2010 0:00:00,13.86,Frank Harris,1600 Amphitheatre Parkway,Mountain View,CA,USA,94043-1351,fharris@google.com
1308,145,16,9/23/2010 0:00:00,13.86,Frank Harris,1600 Amphitheatre Parkway,Mountain View,CA,USA,94043-1351,fharris@google.com
1317,145,16,9/23/2010 0:00:00,13.86,Frank Harris,1600 Amphitheatre Parkway,Mountain View,CA,USA,94043-1351,fharris@google.com
1326,145,16,9/23/2010 0:00:00,13.86,Frank Harris,1600 Amphitheatre Parkway,Mountain View,CA,USA,94043-1351,fharris@google.com
1335,145,16,9/23/2010 0:00:00,13.86,Frank Harris,1600 Amphitheatre Parkway,Mountain View,CA,USA,94043-1351,fharris@google.com
1344,145,16,9/23/2010 0:00:00,13.86,Frank Harris,1600 Amphitheatre Parkway,Mountain View,CA,USA,94043-1351,fharris@google.com
1353,145,16,9/23/2010 0:00:00,13.86,Frank Harris,1600 Amphitheatre Parkway,Mountain View,CA,USA,94043-1351,fharris@google.com
3035,200,16,5/24/2011 0:00:00,8.91,Frank Harris,1600 Amphitheatre Parkway,Mountain View,CA,USA,94043-1351,fharris@google.com
3041,200,16,5/24/2011 0:00:00,8.91,Frank Harris,1600 Amphitheatre Parkway,Mountain View,CA,USA,94043-1351,fharris@google.com
3047,200,16,5/24/2011 0:00:00,8.91,Frank Harris,1600 Amphitheatre Parkway,Mountain View,CA,USA,94043-1351,fharris@google.com
3053,200,16,5/24/2011 0:00:00,8.91,Frank Harris,1600 Amphitheatre Parkway,Mountain View,CA,USA,94043-1351,fharris@google.com
3059,200,16,5/24/2011 0:00:00,8.91,Frank Harris,1600 Amphitheatre Parkway,Mountain View,CA,USA,94043-1351,fharris@google.com
3065,200,16,5/24/2011 0:00:00,8.91,Frank Harris,1600 Amphitheatre Parkway,Mountain View,CA,USA,94043-1351,fharris@google.com
3071,200,16,5/24/2011 0:00:00,8.91,Frank Harris,1600 Amphitheatre Parkway,Mountain View,CA,USA,94043-1351,fharris@google.com
3077,200,16,5/24/2011 0:00:00,8.91,Frank Harris,1600 Amphitheatre Parkway,Mountain View,CA,USA,94043-1351,fharris@google.com
3083,200,16,5/24/2011 0:00:00,8.91,Frank Harris,1600 Amphitheatre Parkway,Mountain View,CA,USA,94043-1351,fharris@google.com
394,329,16,12/28/2012 0:00:00,1.98,Frank Harris,1600 Amphitheatre Parkway,Mountain View,CA,USA,94043-1351,fharris@google.com
395,329,16,12/28/2012 0:00:00,1.98,Frank Harris,1600 Amphitheatre Parkway,Mountain View,CA,USA,94043-1351,fharris@google.com
1097,352,16,4/1/2013 0:00:00,3.96,Frank Harris,1600 Amphitheatre Parkway,Mountain View,CA,USA,94043-1351,fharris@google.com
1099,352,16,4/1/2013 0:00:00,3.96,Frank Harris,1600 Amphitheatre Parkway,Mountain View,CA,USA,94043-1351,fharris@google.com
1101,352,16,4/1/2013 0:00:00,3.96,Frank Harris,1600 Amphitheatre Parkway,Mountain View,CA,USA,94043-1351,fharris@google.com
1103,352,16,4/1/2013 0:00:00,3.96,Frank Harris,1600 Amphitheatre Parkway,Mountain View,CA,USA,94043-1351,fharris@google.com
1803,374,16,7/4/2013 0:00:00,5.94,Frank Harris,1600 Amphitheatre Parkway,Mountain View,CA,USA,94043-1351,fharris@google.com
1807,374,16,7/4/2013 0:00:00,5.94,Frank Harris,1600 Amphitheatre Parkway,Mountain View,CA,USA,94043-1351,fharris@google.com
1811,374,16,7/4/2013 0:00:00,5.94,Frank Harris,1600 Amphitheatre Parkway,Mountain View,CA,USA,94043-1351,fharris@google.com
1815,374,16,7/4/2013 0:00:00,5.94,Frank Harris,1600 Amphitheatre Parkway,Mountain View,CA,USA,94043-1351,fharris@google.com
1819,374,16,7/4/2013 0:00:00,5.94,Frank Harris,1600 Amphitheatre Parkway,Mountain View,CA,USA,94043-1351,fharris@google.com
1823,374,16,7/4/2013 0:00:00,5.94,Frank Harris,1600 Amphitheatre Parkway,Mountain View,CA,USA,94043-1351,fharris@google.com
463,14,17,3/4/2009 0:00:00,1.98,Jack Smith,1 Microsoft Way,Redmond,WA,USA,98052-8300,jacksmith@microsoft.com
464,14,17,3/4/2009 0:00:00,1.98,Jack Smith,1 Microsoft Way,Redmond,WA,USA,98052-8300,jacksmith@microsoft.com
1166,37,17,6/6/2009 0:00:00,3.96,Jack Smith,1 Microsoft Way,Redmond,WA,USA,98052-8300,jacksmith@microsoft.com
1168,37,17,6/6/2009 0:00:00,3.96,Jack Smith,1 Microsoft Way,Redmond,WA,USA,98052-8300,jacksmith@microsoft.com
1170,37,17,6/6/2009 0:00:00,3.96,Jack Smith,1 Microsoft Way,Redmond,WA,USA,98052-8300,jacksmith@microsoft.com
1172,37,17,6/6/2009 0:00:00,3.96,Jack Smith,1 Microsoft Way,Redmond,WA,USA,98052-8300,jacksmith@microsoft.com
1872,59,17,9/8/2009 0:00:00,5.94,Jack Smith,1 Microsoft Way,Redmond,WA,USA,98052-8300,jacksmith@microsoft.com
1876,59,17,9/8/2009 0:00:00,5.94,Jack Smith,1 Microsoft Way,Redmond,WA,USA,98052-8300,jacksmith@microsoft.com
1880,59,17,9/8/2009 0:00:00,5.94,Jack Smith,1 Microsoft Way,Redmond,WA,USA,98052-8300,jacksmith@microsoft.com
1884,59,17,9/8/2009 0:00:00,5.94,Jack Smith,1 Microsoft Way,Redmond,WA,USA,98052-8300,jacksmith@microsoft.com
1888,59,17,9/8/2009 0:00:00,5.94,Jack Smith,1 Microsoft Way,Redmond,WA,USA,98052-8300,jacksmith@microsoft.com
1892,59,17,9/8/2009 0:00:00,5.94,Jack Smith,1 Microsoft Way,Redmond,WA,USA,98052-8300,jacksmith@microsoft.com
207,111,17,4/29/2010 0:00:00,0.99,Jack Smith,1 Microsoft Way,Redmond,WA,USA,98052-8300,jacksmith@microsoft.com
652,232,17,10/21/2011 0:00:00,1.98,Jack Smith,1 Microsoft Way,Redmond,WA,USA,98052-8300,jacksmith@microsoft.com
654,232,17,10/21/2011 0:00:00,1.98,Jack Smith,1 Microsoft Way,Redmond,WA,USA,98052-8300,jacksmith@microsoft.com
981,243,17,12/1/2011 0:00:00,13.86,Jack Smith,1 Microsoft Way,Redmond,WA,USA,98052-8300,jacksmith@microsoft.com
990,243,17,12/1/2011 0:00:00,13.86,Jack Smith,1 Microsoft Way,Redmond,WA,USA,98052-8300,jacksmith@microsoft.com
999,243,17,12/1/2011 0:00:00,13.86,Jack Smith,1 Microsoft Way,Redmond,WA,USA,98052-8300,jacksmith@microsoft.com
1008,243,17,12/1/2011 0:00:00,13.86,Jack Smith,1 Microsoft Way,Redmond,WA,USA,98052-8300,jacksmith@microsoft.com
1017,243,17,12/1/2011 0:00:00,13.86,Jack Smith,1 Microsoft Way,Redmond,WA,USA,98052-8300,jacksmith@microsoft.com
1026,243,17,12/1/2011 0:00:00,13.86,Jack Smith,1 Microsoft Way,Redmond,WA,USA,98052-8300,jacksmith@microsoft.com
1035,243,17,12/1/2011 0:00:00,13.86,Jack Smith,1 Microsoft Way,Redmond,WA,USA,98052-8300,jacksmith@microsoft.com
1044,243,17,12/1/2011 0:00:00,13.86,Jack Smith,1 Microsoft Way,Redmond,WA,USA,98052-8300,jacksmith@microsoft.com
1053,243,17,12/1/2011 0:00:00,13.86,Jack Smith,1 Microsoft Way,Redmond,WA,USA,98052-8300,jacksmith@microsoft.com
1062,243,17,12/1/2011 0:00:00,13.86,Jack Smith,1 Microsoft Way,Redmond,WA,USA,98052-8300,jacksmith@microsoft.com
1071,243,17,12/1/2011 0:00:00,13.86,Jack Smith,1 Microsoft Way,Redmond,WA,USA,98052-8300,jacksmith@microsoft.com
1080,243,17,12/1/2011 0:00:00,13.86,Jack Smith,1 Microsoft Way,Redmond,WA,USA,98052-8300,jacksmith@microsoft.com
1089,243,17,12/1/2011 0:00:00,13.86,Jack Smith,1 Microsoft Way,Redmond,WA,USA,98052-8300,jacksmith@microsoft.com
1098,243,17,12/1/2011 0:00:00,13.86,Jack Smith,1 Microsoft Way,Redmond,WA,USA,98052-8300,jacksmith@microsoft.com
2780,298,17,7/31/2012 0:00:00,10.91,Jack Smith,1 Microsoft Way,Redmond,WA,USA,98052-8300,jacksmith@microsoft.com
2786,298,17,7/31/2012 0:00:00,10.91,Jack Smith,1 Microsoft Way,Redmond,WA,USA,98052-8300,jacksmith@microsoft.com
2792,298,17,7/31/2012 0:00:00,10.91,Jack Smith,1 Microsoft Way,Redmond,WA,USA,98052-8300,jacksmith@microsoft.com
2798,298,17,7/31/2012 0:00:00,10.91,Jack Smith,1 Microsoft Way,Redmond,WA,USA,98052-8300,jacksmith@microsoft.com
2804,298,17,7/31/2012 0:00:00,10.91,Jack Smith,1 Microsoft Way,Redmond,WA,USA,98052-8300,jacksmith@microsoft.com
2810,298,17,7/31/2012 0:00:00,10.91,Jack Smith,1 Microsoft Way,Redmond,WA,USA,98052-8300,jacksmith@microsoft.com
2816,298,17,7/31/2012 0:00:00,10.91,Jack Smith,1 Microsoft Way,Redmond,WA,USA,98052-8300,jacksmith@microsoft.com
2822,298,17,7/31/2012 0:00:00,10.91,Jack Smith,1 Microsoft Way,Redmond,WA,USA,98052-8300,jacksmith@microsoft.com
2828,298,17,7/31/2012 0:00:00,10.91,Jack Smith,1 Microsoft Way,Redmond,WA,USA,98052-8300,jacksmith@microsoft.com
208,112,18,5/12/2010 0:00:00,1.98,Michelle Brooks,627 Broadway,New York,NY,USA,10012-2612,michelleb@aol.com
209,112,18,5/12/2010 0:00:00,1.98,Michelle Brooks,627 Broadway,New York,NY,USA,10012-2612,michelleb@aol.com
911,135,18,8/14/2010 0:00:00,3.96,Michelle Brooks,627 Broadway,New York,NY,USA,10012-2612,michelleb@aol.com
913,135,18,8/14/2010 0:00:00,3.96,Michelle Brooks,627 Broadway,New York,NY,USA,10012-2612,michelleb@aol.com
915,135,18,8/14/2010 0:00:00,3.96,Michelle Brooks,627 Broadway,New York,NY,USA,10012-2612,michelleb@aol.com
917,135,18,8/14/2010 0:00:00,3.96,Michelle Brooks,627 Broadway,New York,NY,USA,10012-2612,michelleb@aol.com
1617,157,18,11/16/2010 0:00:00,5.94,Michelle Brooks,627 Broadway,New York,NY,USA,10012-2612,michelleb@aol.com
1621,157,18,11/16/2010 0:00:00,5.94,Michelle Brooks,627 Broadway,New York,NY,USA,10012-2612,michelleb@aol.com
1625,157,18,11/16/2010 0:00:00,5.94,Michelle Brooks,627 Broadway,New York,NY,USA,10012-2612,michelleb@aol.com
1629,157,18,11/16/2010 0:00:00,5.94,Michelle Brooks,627 Broadway,New York,NY,USA,10012-2612,michelleb@aol.com
1633,157,18,11/16/2010 0:00:00,5.94,Michelle Brooks,627 Broadway,New York,NY,USA,10012-2612,michelleb@aol.com
1637,157,18,11/16/2010 0:00:00,5.94,Michelle Brooks,627 Broadway,New York,NY,USA,10012-2612,michelleb@aol.com
3455,209,18,7/7/2011 0:00:00,0.99,Michelle Brooks,627 Broadway,New York,NY,USA,10012-2612,michelleb@aol.com
397,330,18,12/28/2012 0:00:00,1.98,Michelle Brooks,627 Broadway,New York,NY,USA,10012-2612,michelleb@aol.com
399,330,18,12/28/2012 0:00:00,1.98,Michelle Brooks,627 Broadway,New York,NY,USA,10012-2612,michelleb@aol.com
726,341,18,2/7/2013 0:00:00,13.86,Michelle Brooks,627 Broadway,New York,NY,USA,10012-2612,michelleb@aol.com
735,341,18,2/7/2013 0:00:00,13.86,Michelle Brooks,627 Broadway,New York,NY,USA,10012-2612,michelleb@aol.com
744,341,18,2/7/2013 0:00:00,13.86,Michelle Brooks,627 Broadway,New York,NY,USA,10012-2612,michelleb@aol.com
753,341,18,2/7/2013 0:00:00,13.86,Michelle Brooks,627 Broadway,New York,NY,USA,10012-2612,michelleb@aol.com
762,341,18,2/7/2013 0:00:00,13.86,Michelle Brooks,627 Broadway,New York,NY,USA,10012-2612,michelleb@aol.com
771,341,18,2/7/2013 0:00:00,13.86,Michelle Brooks,627 Broadway,New York,NY,USA,10012-2612,michelleb@aol.com
780,341,18,2/7/2013 0:00:00,13.86,Michelle Brooks,627 Broadway,New York,NY,USA,10012-2612,michelleb@aol.com
789,341,18,2/7/2013 0:00:00,13.86,Michelle Brooks,627 Broadway,New York,NY,USA,10012-2612,michelleb@aol.com
798,341,18,2/7/2013 0:00:00,13.86,Michelle Brooks,627 Broadway,New York,NY,USA,10012-2612,michelleb@aol.com
807,341,18,2/7/2013 0:00:00,13.86,Michelle Brooks,627 Broadway,New York,NY,USA,10012-2612,michelleb@aol.com
816,341,18,2/7/2013 0:00:00,13.86,Michelle Brooks,627 Broadway,New York,NY,USA,10012-2612,michelleb@aol.com
825,341,18,2/7/2013 0:00:00,13.86,Michelle Brooks,627 Broadway,New York,NY,USA,10012-2612,michelleb@aol.com
834,341,18,2/7/2013 0:00:00,13.86,Michelle Brooks,627 Broadway,New York,NY,USA,10012-2612,michelleb@aol.com
843,341,18,2/7/2013 0:00:00,13.86,Michelle Brooks,627 Broadway,New York,NY,USA,10012-2612,michelleb@aol.com
2525,396,18,10/8/2013 0:00:00,8.91,Michelle Brooks,627 Broadway,New York,NY,USA,10012-2612,michelleb@aol.com
2531,396,18,10/8/2013 0:00:00,8.91,Michelle Brooks,627 Broadway,New York,NY,USA,10012-2612,michelleb@aol.com
2537,396,18,10/8/2013 0:00:00,8.91,Michelle Brooks,627 Broadway,New York,NY,USA,10012-2612,michelleb@aol.com
2543,396,18,10/8/2013 0:00:00,8.91,Michelle Brooks,627 Broadway,New York,NY,USA,10012-2612,michelleb@aol.com
2549,396,18,10/8/2013 0:00:00,8.91,Michelle Brooks,627 Broadway,New York,NY,USA,10012-2612,michelleb@aol.com
2555,396,18,10/8/2013 0:00:00,8.91,Michelle Brooks,627 Broadway,New York,NY,USA,10012-2612,michelleb@aol.com
2561,396,18,10/8/2013 0:00:00,8.91,Michelle Brooks,627 Broadway,New York,NY,USA,10012-2612,michelleb@aol.com
2567,396,18,10/8/2013 0:00:00,8.91,Michelle Brooks,627 Broadway,New York,NY,USA,10012-2612,michelleb@aol.com
2573,396,18,10/8/2013 0:00:00,8.91,Michelle Brooks,627 Broadway,New York,NY,USA,10012-2612,michelleb@aol.com
466,15,19,3/4/2009 0:00:00,1.98,Tim Goyer,1 Infinite Loop,Cupertino,CA,USA,95014,tgoyer@apple.com
468,15,19,3/4/2009 0:00:00,1.98,Tim Goyer,1 Infinite Loop,Cupertino,CA,USA,95014,tgoyer@apple.com
795,26,19,4/14/2009 0:00:00,13.86,Tim Goyer,1 Infinite Loop,Cupertino,CA,USA,95014,tgoyer@apple.com
804,26,19,4/14/2009 0:00:00,13.86,Tim Goyer,1 Infinite Loop,Cupertino,CA,USA,95014,tgoyer@apple.com
813,26,19,4/14/2009 0:00:00,13.86,Tim Goyer,1 Infinite Loop,Cupertino,CA,USA,95014,tgoyer@apple.com
822,26,19,4/14/2009 0:00:00,13.86,Tim Goyer,1 Infinite Loop,Cupertino,CA,USA,95014,tgoyer@apple.com
831,26,19,4/14/2009 0:00:00,13.86,Tim Goyer,1 Infinite Loop,Cupertino,CA,USA,95014,tgoyer@apple.com
840,26,19,4/14/2009 0:00:00,13.86,Tim Goyer,1 Infinite Loop,Cupertino,CA,USA,95014,tgoyer@apple.com
849,26,19,4/14/2009 0:00:00,13.86,Tim Goyer,1 Infinite Loop,Cupertino,CA,USA,95014,tgoyer@apple.com
858,26,19,4/14/2009 0:00:00,13.86,Tim Goyer,1 Infinite Loop,Cupertino,CA,USA,95014,tgoyer@apple.com
867,26,19,4/14/2009 0:00:00,13.86,Tim Goyer,1 Infinite Loop,Cupertino,CA,USA,95014,tgoyer@apple.com
876,26,19,4/14/2009 0:00:00,13.86,Tim Goyer,1 Infinite Loop,Cupertino,CA,USA,95014,tgoyer@apple.com
885,26,19,4/14/2009 0:00:00,13.86,Tim Goyer,1 Infinite Loop,Cupertino,CA,USA,95014,tgoyer@apple.com
894,26,19,4/14/2009 0:00:00,13.86,Tim Goyer,1 Infinite Loop,Cupertino,CA,USA,95014,tgoyer@apple.com
903,26,19,4/14/2009 0:00:00,13.86,Tim Goyer,1 Infinite Loop,Cupertino,CA,USA,95014,tgoyer@apple.com
912,26,19,4/14/2009 0:00:00,13.86,Tim Goyer,1 Infinite Loop,Cupertino,CA,USA,95014,tgoyer@apple.com
2594,81,19,12/13/2009 0:00:00,8.91,Tim Goyer,1 Infinite Loop,Cupertino,CA,USA,95014,tgoyer@apple.com
2600,81,19,12/13/2009 0:00:00,8.91,Tim Goyer,1 Infinite Loop,Cupertino,CA,USA,95014,tgoyer@apple.com
2606,81,19,12/13/2009 0:00:00,8.91,Tim Goyer,1 Infinite Loop,Cupertino,CA,USA,95014,tgoyer@apple.com
2612,81,19,12/13/2009 0:00:00,8.91,Tim Goyer,1 Infinite Loop,Cupertino,CA,USA,95014,tgoyer@apple.com
2618,81,19,12/13/2009 0:00:00,8.91,Tim Goyer,1 Infinite Loop,Cupertino,CA,USA,95014,tgoyer@apple.com
2624,81,19,12/13/2009 0:00:00,8.91,Tim Goyer,1 Infinite Loop,Cupertino,CA,USA,95014,tgoyer@apple.com
2630,81,19,12/13/2009 0:00:00,8.91,Tim Goyer,1 Infinite Loop,Cupertino,CA,USA,95014,tgoyer@apple.com
2636,81,19,12/13/2009 0:00:00,8.91,Tim Goyer,1 Infinite Loop,Cupertino,CA,USA,95014,tgoyer@apple.com
2642,81,19,12/13/2009 0:00:00,8.91,Tim Goyer,1 Infinite Loop,Cupertino,CA,USA,95014,tgoyer@apple.com
3456,210,19,7/20/2011 0:00:00,1.98,Tim Goyer,1 Infinite Loop,Cupertino,CA,USA,95014,tgoyer@apple.com
3457,210,19,7/20/2011 0:00:00,1.98,Tim Goyer,1 Infinite Loop,Cupertino,CA,USA,95014,tgoyer@apple.com
656,233,19,10/22/2011 0:00:00,3.96,Tim Goyer,1 Infinite Loop,Cupertino,CA,USA,95014,tgoyer@apple.com
658,233,19,10/22/2011 0:00:00,3.96,Tim Goyer,1 Infinite Loop,Cupertino,CA,USA,95014,tgoyer@apple.com
660,233,19,10/22/2011 0:00:00,3.96,Tim Goyer,1 Infinite Loop,Cupertino,CA,USA,95014,tgoyer@apple.com
662,233,19,10/22/2011 0:00:00,3.96,Tim Goyer,1 Infinite Loop,Cupertino,CA,USA,95014,tgoyer@apple.com
1362,255,19,1/24/2012 0:00:00,5.94,Tim Goyer,1 Infinite Loop,Cupertino,CA,USA,95014,tgoyer@apple.com
1366,255,19,1/24/2012 0:00:00,5.94,Tim Goyer,1 Infinite Loop,Cupertino,CA,USA,95014,tgoyer@apple.com
1370,255,19,1/24/2012 0:00:00,5.94,Tim Goyer,1 Infinite Loop,Cupertino,CA,USA,95014,tgoyer@apple.com
1374,255,19,1/24/2012 0:00:00,5.94,Tim Goyer,1 Infinite Loop,Cupertino,CA,USA,95014,tgoyer@apple.com
1378,255,19,1/24/2012 0:00:00,5.94,Tim Goyer,1 Infinite Loop,Cupertino,CA,USA,95014,tgoyer@apple.com
1382,255,19,1/24/2012 0:00:00,5.94,Tim Goyer,1 Infinite Loop,Cupertino,CA,USA,95014,tgoyer@apple.com
3200,307,19,9/13/2012 0:00:00,1.99,Tim Goyer,1 Infinite Loop,Cupertino,CA,USA,95014,tgoyer@apple.com
211,113,20,5/12/2010 0:00:00,1.98,Dan Miller,541 Del Medio Avenue,Mountain View,CA,USA,94040-111,dmiller@comcast.com
213,113,20,5/12/2010 0:00:00,1.98,Dan Miller,541 Del Medio Avenue,Mountain View,CA,USA,94040-111,dmiller@comcast.com
540,124,20,6/22/2010 0:00:00,13.86,Dan Miller,541 Del Medio Avenue,Mountain View,CA,USA,94040-111,dmiller@comcast.com
549,124,20,6/22/2010 0:00:00,13.86,Dan Miller,541 Del Medio Avenue,Mountain View,CA,USA,94040-111,dmiller@comcast.com
558,124,20,6/22/2010 0:00:00,13.86,Dan Miller,541 Del Medio Avenue,Mountain View,CA,USA,94040-111,dmiller@comcast.com
567,124,20,6/22/2010 0:00:00,13.86,Dan Miller,541 Del Medio Avenue,Mountain View,CA,USA,94040-111,dmiller@comcast.com
576,124,20,6/22/2010 0:00:00,13.86,Dan Miller,541 Del Medio Avenue,Mountain View,CA,USA,94040-111,dmiller@comcast.com
585,124,20,6/22/2010 0:00:00,13.86,Dan Miller,541 Del Medio Avenue,Mountain View,CA,USA,94040-111,dmiller@comcast.com
594,124,20,6/22/2010 0:00:00,13.86,Dan Miller,541 Del Medio Avenue,Mountain View,CA,USA,94040-111,dmiller@comcast.com
603,124,20,6/22/2010 0:00:00,13.86,Dan Miller,541 Del Medio Avenue,Mountain View,CA,USA,94040-111,dmiller@comcast.com
612,124,20,6/22/2010 0:00:00,13.86,Dan Miller,541 Del Medio Avenue,Mountain View,CA,USA,94040-111,dmiller@comcast.com
621,124,20,6/22/2010 0:00:00,13.86,Dan Miller,541 Del Medio Avenue,Mountain View,CA,USA,94040-111,dmiller@comcast.com
630,124,20,6/22/2010 0:00:00,13.86,Dan Miller,541 Del Medio Avenue,Mountain View,CA,USA,94040-111,dmiller@comcast.com
639,124,20,6/22/2010 0:00:00,13.86,Dan Miller,541 Del Medio Avenue,Mountain View,CA,USA,94040-111,dmiller@comcast.com
648,124,20,6/22/2010 0:00:00,13.86,Dan Miller,541 Del Medio Avenue,Mountain View,CA,USA,94040-111,dmiller@comcast.com
657,124,20,6/22/2010 0:00:00,13.86,Dan Miller,541 Del Medio Avenue,Mountain View,CA,USA,94040-111,dmiller@comcast.com
2339,179,20,2/20/2011 0:00:00,8.91,Dan Miller,541 Del Medio Avenue,Mountain View,CA,USA,94040-111,dmiller@comcast.com
2345,179,20,2/20/2011 0:00:00,8.91,Dan Miller,541 Del Medio Avenue,Mountain View,CA,USA,94040-111,dmiller@comcast.com
2351,179,20,2/20/2011 0:00:00,8.91,Dan Miller,541 Del Medio Avenue,Mountain View,CA,USA,94040-111,dmiller@comcast.com
2357,179,20,2/20/2011 0:00:00,8.91,Dan Miller,541 Del Medio Avenue,Mountain View,CA,USA,94040-111,dmiller@comcast.com
2363,179,20,2/20/2011 0:00:00,8.91,Dan Miller,541 Del Medio Avenue,Mountain View,CA,USA,94040-111,dmiller@comcast.com
2369,179,20,2/20/2011 0:00:00,8.91,Dan Miller,541 Del Medio Avenue,Mountain View,CA,USA,94040-111,dmiller@comcast.com
2375,179,20,2/20/2011 0:00:00,8.91,Dan Miller,541 Del Medio Avenue,Mountain View,CA,USA,94040-111,dmiller@comcast.com
2381,179,20,2/20/2011 0:00:00,8.91,Dan Miller,541 Del Medio Avenue,Mountain View,CA,USA,94040-111,dmiller@comcast.com
2387,179,20,2/20/2011 0:00:00,8.91,Dan Miller,541 Del Medio Avenue,Mountain View,CA,USA,94040-111,dmiller@comcast.com
3201,308,20,9/26/2012 0:00:00,3.98,Dan Miller,541 Del Medio Avenue,Mountain View,CA,USA,94040-111,dmiller@comcast.com
3202,308,20,9/26/2012 0:00:00,3.98,Dan Miller,541 Del Medio Avenue,Mountain View,CA,USA,94040-111,dmiller@comcast.com
401,331,20,12/29/2012 0:00:00,3.96,Dan Miller,541 Del Medio Avenue,Mountain View,CA,USA,94040-111,dmiller@comcast.com
403,331,20,12/29/2012 0:00:00,3.96,Dan Miller,541 Del Medio Avenue,Mountain View,CA,USA,94040-111,dmiller@comcast.com
405,331,20,12/29/2012 0:00:00,3.96,Dan Miller,541 Del Medio Avenue,Mountain View,CA,USA,94040-111,dmiller@comcast.com
407,331,20,12/29/2012 0:00:00,3.96,Dan Miller,541 Del Medio Avenue,Mountain View,CA,USA,94040-111,dmiller@comcast.com
1107,353,20,4/2/2013 0:00:00,5.94,Dan Miller,541 Del Medio Avenue,Mountain View,CA,USA,94040-111,dmiller@comcast.com
1111,353,20,4/2/2013 0:00:00,5.94,Dan Miller,541 Del Medio Avenue,Mountain View,CA,USA,94040-111,dmiller@comcast.com
1115,353,20,4/2/2013 0:00:00,5.94,Dan Miller,541 Del Medio Avenue,Mountain View,CA,USA,94040-111,dmiller@comcast.com
1119,353,20,4/2/2013 0:00:00,5.94,Dan Miller,541 Del Medio Avenue,Mountain View,CA,USA,94040-111,dmiller@comcast.com
1123,353,20,4/2/2013 0:00:00,5.94,Dan Miller,541 Del Medio Avenue,Mountain View,CA,USA,94040-111,dmiller@comcast.com
1127,353,20,4/2/2013 0:00:00,5.94,Dan Miller,541 Del Medio Avenue,Mountain View,CA,USA,94040-111,dmiller@comcast.com
2945,405,20,11/21/2013 0:00:00,0.99,Dan Miller,541 Del Medio Avenue,Mountain View,CA,USA,94040-111,dmiller@comcast.com
470,16,21,3/5/2009 0:00:00,3.96,Kathy Chase,801 W 4th Street,Reno,NV,USA,89503,kachase@hotmail.com
472,16,21,3/5/2009 0:00:00,3.96,Kathy Chase,801 W 4th Street,Reno,NV,USA,89503,kachase@hotmail.com
474,16,21,3/5/2009 0:00:00,3.96,Kathy Chase,801 W 4th Street,Reno,NV,USA,89503,kachase@hotmail.com
476,16,21,3/5/2009 0:00:00,3.96,Kathy Chase,801 W 4th Street,Reno,NV,USA,89503,kachase@hotmail.com
1176,38,21,6/7/2009 0:00:00,5.94,Kathy Chase,801 W 4th Street,Reno,NV,USA,89503,kachase@hotmail.com
1180,38,21,6/7/2009 0:00:00,5.94,Kathy Chase,801 W 4th Street,Reno,NV,USA,89503,kachase@hotmail.com
1184,38,21,6/7/2009 0:00:00,5.94,Kathy Chase,801 W 4th Street,Reno,NV,USA,89503,kachase@hotmail.com
1188,38,21,6/7/2009 0:00:00,5.94,Kathy Chase,801 W 4th Street,Reno,NV,USA,89503,kachase@hotmail.com
1192,38,21,6/7/2009 0:00:00,5.94,Kathy Chase,801 W 4th Street,Reno,NV,USA,89503,kachase@hotmail.com
1196,38,21,6/7/2009 0:00:00,5.94,Kathy Chase,801 W 4th Street,Reno,NV,USA,89503,kachase@hotmail.com
3014,90,21,1/26/2010 0:00:00,0.99,Kathy Chase,801 W 4th Street,Reno,NV,USA,89503,kachase@hotmail.com
3459,211,21,7/20/2011 0:00:00,1.98,Kathy Chase,801 W 4th Street,Reno,NV,USA,89503,kachase@hotmail.com
3461,211,21,7/20/2011 0:00:00,1.98,Kathy Chase,801 W 4th Street,Reno,NV,USA,89503,kachase@hotmail.com
285,222,21,8/30/2011 0:00:00,13.86,Kathy Chase,801 W 4th Street,Reno,NV,USA,89503,kachase@hotmail.com
294,222,21,8/30/2011 0:00:00,13.86,Kathy Chase,801 W 4th Street,Reno,NV,USA,89503,kachase@hotmail.com
303,222,21,8/30/2011 0:00:00,13.86,Kathy Chase,801 W 4th Street,Reno,NV,USA,89503,kachase@hotmail.com
312,222,21,8/30/2011 0:00:00,13.86,Kathy Chase,801 W 4th Street,Reno,NV,USA,89503,kachase@hotmail.com
321,222,21,8/30/2011 0:00:00,13.86,Kathy Chase,801 W 4th Street,Reno,NV,USA,89503,kachase@hotmail.com
330,222,21,8/30/2011 0:00:00,13.86,Kathy Chase,801 W 4th Street,Reno,NV,USA,89503,kachase@hotmail.com
339,222,21,8/30/2011 0:00:00,13.86,Kathy Chase,801 W 4th Street,Reno,NV,USA,89503,kachase@hotmail.com
348,222,21,8/30/2011 0:00:00,13.86,Kathy Chase,801 W 4th Street,Reno,NV,USA,89503,kachase@hotmail.com
357,222,21,8/30/2011 0:00:00,13.86,Kathy Chase,801 W 4th Street,Reno,NV,USA,89503,kachase@hotmail.com
366,222,21,8/30/2011 0:00:00,13.86,Kathy Chase,801 W 4th Street,Reno,NV,USA,89503,kachase@hotmail.com
375,222,21,8/30/2011 0:00:00,13.86,Kathy Chase,801 W 4th Street,Reno,NV,USA,89503,kachase@hotmail.com
384,222,21,8/30/2011 0:00:00,13.86,Kathy Chase,801 W 4th Street,Reno,NV,USA,89503,kachase@hotmail.com
393,222,21,8/30/2011 0:00:00,13.86,Kathy Chase,801 W 4th Street,Reno,NV,USA,89503,kachase@hotmail.com
402,222,21,8/30/2011 0:00:00,13.86,Kathy Chase,801 W 4th Street,Reno,NV,USA,89503,kachase@hotmail.com
2084,277,21,4/29/2012 0:00:00,8.91,Kathy Chase,801 W 4th Street,Reno,NV,USA,89503,kachase@hotmail.com
2090,277,21,4/29/2012 0:00:00,8.91,Kathy Chase,801 W 4th Street,Reno,NV,USA,89503,kachase@hotmail.com
2096,277,21,4/29/2012 0:00:00,8.91,Kathy Chase,801 W 4th Street,Reno,NV,USA,89503,kachase@hotmail.com
2102,277,21,4/29/2012 0:00:00,8.91,Kathy Chase,801 W 4th Street,Reno,NV,USA,89503,kachase@hotmail.com
2108,277,21,4/29/2012 0:00:00,8.91,Kathy Chase,801 W 4th Street,Reno,NV,USA,89503,kachase@hotmail.com
2114,277,21,4/29/2012 0:00:00,8.91,Kathy Chase,801 W 4th Street,Reno,NV,USA,89503,kachase@hotmail.com
2120,277,21,4/29/2012 0:00:00,8.91,Kathy Chase,801 W 4th Street,Reno,NV,USA,89503,kachase@hotmail.com
2126,277,21,4/29/2012 0:00:00,8.91,Kathy Chase,801 W 4th Street,Reno,NV,USA,89503,kachase@hotmail.com
2132,277,21,4/29/2012 0:00:00,8.91,Kathy Chase,801 W 4th Street,Reno,NV,USA,89503,kachase@hotmail.com
2946,406,21,12/4/2013 0:00:00,1.98,Kathy Chase,801 W 4th Street,Reno,NV,USA,89503,kachase@hotmail.com
2947,406,21,12/4/2013 0:00:00,1.98,Kathy Chase,801 W 4th Street,Reno,NV,USA,89503,kachase@hotmail.com
3015,91,22,2/8/2010 0:00:00,1.98,Heather Leacock,120 S Orange Ave,Orlando,FL,USA,32801,hleacock@gmail.com
3016,91,22,2/8/2010 0:00:00,1.98,Heather Leacock,120 S Orange Ave,Orlando,FL,USA,32801,hleacock@gmail.com
215,114,22,5/13/2010 0:00:00,3.96,Heather Leacock,120 S Orange Ave,Orlando,FL,USA,32801,hleacock@gmail.com
217,114,22,5/13/2010 0:00:00,3.96,Heather Leacock,120 S Orange Ave,Orlando,FL,USA,32801,hleacock@gmail.com
219,114,22,5/13/2010 0:00:00,3.96,Heather Leacock,120 S Orange Ave,Orlando,FL,USA,32801,hleacock@gmail.com
221,114,22,5/13/2010 0:00:00,3.96,Heather Leacock,120 S Orange Ave,Orlando,FL,USA,32801,hleacock@gmail.com
921,136,22,8/15/2010 0:00:00,5.94,Heather Leacock,120 S Orange Ave,Orlando,FL,USA,32801,hleacock@gmail.com
925,136,22,8/15/2010 0:00:00,5.94,Heather Leacock,120 S Orange Ave,Orlando,FL,USA,32801,hleacock@gmail.com
929,136,22,8/15/2010 0:00:00,5.94,Heather Leacock,120 S Orange Ave,Orlando,FL,USA,32801,hleacock@gmail.com
933,136,22,8/15/2010 0:00:00,5.94,Heather Leacock,120 S Orange Ave,Orlando,FL,USA,32801,hleacock@gmail.com
937,136,22,8/15/2010 0:00:00,5.94,Heather Leacock,120 S Orange Ave,Orlando,FL,USA,32801,hleacock@gmail.com
941,136,22,8/15/2010 0:00:00,5.94,Heather Leacock,120 S Orange Ave,Orlando,FL,USA,32801,hleacock@gmail.com
2759,188,22,4/5/2011 0:00:00,0.99,Heather Leacock,120 S Orange Ave,Orlando,FL,USA,32801,hleacock@gmail.com
3204,309,22,9/26/2012 0:00:00,3.98,Heather Leacock,120 S Orange Ave,Orlando,FL,USA,32801,hleacock@gmail.com
3206,309,22,9/26/2012 0:00:00,3.98,Heather Leacock,120 S Orange Ave,Orlando,FL,USA,32801,hleacock@gmail.com
30,320,22,11/6/2012 0:00:00,13.86,Heather Leacock,120 S Orange Ave,Orlando,FL,USA,32801,hleacock@gmail.com
39,320,22,11/6/2012 0:00:00,13.86,Heather Leacock,120 S Orange Ave,Orlando,FL,USA,32801,hleacock@gmail.com
48,320,22,11/6/2012 0:00:00,13.86,Heather Leacock,120 S Orange Ave,Orlando,FL,USA,32801,hleacock@gmail.com
57,320,22,11/6/2012 0:00:00,13.86,Heather Leacock,120 S Orange Ave,Orlando,FL,USA,32801,hleacock@gmail.com
66,320,22,11/6/2012 0:00:00,13.86,Heather Leacock,120 S Orange Ave,Orlando,FL,USA,32801,hleacock@gmail.com
75,320,22,11/6/2012 0:00:00,13.86,Heather Leacock,120 S Orange Ave,Orlando,FL,USA,32801,hleacock@gmail.com
84,320,22,11/6/2012 0:00:00,13.86,Heather Leacock,120 S Orange Ave,Orlando,FL,USA,32801,hleacock@gmail.com
93,320,22,11/6/2012 0:00:00,13.86,Heather Leacock,120 S Orange Ave,Orlando,FL,USA,32801,hleacock@gmail.com
102,320,22,11/6/2012 0:00:00,13.86,Heather Leacock,120 S Orange Ave,Orlando,FL,USA,32801,hleacock@gmail.com
111,320,22,11/6/2012 0:00:00,13.86,Heather Leacock,120 S Orange Ave,Orlando,FL,USA,32801,hleacock@gmail.com
120,320,22,11/6/2012 0:00:00,13.86,Heather Leacock,120 S Orange Ave,Orlando,FL,USA,32801,hleacock@gmail.com
129,320,22,11/6/2012 0:00:00,13.86,Heather Leacock,120 S Orange Ave,Orlando,FL,USA,32801,hleacock@gmail.com
138,320,22,11/6/2012 0:00:00,13.86,Heather Leacock,120 S Orange Ave,Orlando,FL,USA,32801,hleacock@gmail.com
147,320,22,11/6/2012 0:00:00,13.86,Heather Leacock,120 S Orange Ave,Orlando,FL,USA,32801,hleacock@gmail.com
1829,375,22,7/7/2013 0:00:00,8.91,Heather Leacock,120 S Orange Ave,Orlando,FL,USA,32801,hleacock@gmail.com
1835,375,22,7/7/2013 0:00:00,8.91,Heather Leacock,120 S Orange Ave,Orlando,FL,USA,32801,hleacock@gmail.com
1841,375,22,7/7/2013 0:00:00,8.91,Heather Leacock,120 S Orange Ave,Orlando,FL,USA,32801,hleacock@gmail.com
1847,375,22,7/7/2013 0:00:00,8.91,Heather Leacock,120 S Orange Ave,Orlando,FL,USA,32801,hleacock@gmail.com
1853,375,22,7/7/2013 0:00:00,8.91,Heather Leacock,120 S Orange Ave,Orlando,FL,USA,32801,hleacock@gmail.com
1859,375,22,7/7/2013 0:00:00,8.91,Heather Leacock,120 S Orange Ave,Orlando,FL,USA,32801,hleacock@gmail.com
1865,375,22,7/7/2013 0:00:00,8.91,Heather Leacock,120 S Orange Ave,Orlando,FL,USA,32801,hleacock@gmail.com
1871,375,22,7/7/2013 0:00:00,8.91,Heather Leacock,120 S Orange Ave,Orlando,FL,USA,32801,hleacock@gmail.com
1877,375,22,7/7/2013 0:00:00,8.91,Heather Leacock,120 S Orange Ave,Orlando,FL,USA,32801,hleacock@gmail.com
99,5,23,1/11/2009 0:00:00,13.86,John Gordon,69 Salem Street,Boston,MA,USA,2113,johngordon22@yahoo.com
108,5,23,1/11/2009 0:00:00,13.86,John Gordon,69 Salem Street,Boston,MA,USA,2113,johngordon22@yahoo.com
117,5,23,1/11/2009 0:00:00,13.86,John Gordon,69 Salem Street,Boston,MA,USA,2113,johngordon22@yahoo.com
126,5,23,1/11/2009 0:00:00,13.86,John Gordon,69 Salem Street,Boston,MA,USA,2113,johngordon22@yahoo.com
135,5,23,1/11/2009 0:00:00,13.86,John Gordon,69 Salem Street,Boston,MA,USA,2113,johngordon22@yahoo.com
144,5,23,1/11/2009 0:00:00,13.86,John Gordon,69 Salem Street,Boston,MA,USA,2113,johngordon22@yahoo.com
153,5,23,1/11/2009 0:00:00,13.86,John Gordon,69 Salem Street,Boston,MA,USA,2113,johngordon22@yahoo.com
162,5,23,1/11/2009 0:00:00,13.86,John Gordon,69 Salem Street,Boston,MA,USA,2113,johngordon22@yahoo.com
171,5,23,1/11/2009 0:00:00,13.86,John Gordon,69 Salem Street,Boston,MA,USA,2113,johngordon22@yahoo.com
180,5,23,1/11/2009 0:00:00,13.86,John Gordon,69 Salem Street,Boston,MA,USA,2113,johngordon22@yahoo.com
189,5,23,1/11/2009 0:00:00,13.86,John Gordon,69 Salem Street,Boston,MA,USA,2113,johngordon22@yahoo.com
198,5,23,1/11/2009 0:00:00,13.86,John Gordon,69 Salem Street,Boston,MA,USA,2113,johngordon22@yahoo.com
207,5,23,1/11/2009 0:00:00,13.86,John Gordon,69 Salem Street,Boston,MA,USA,2113,johngordon22@yahoo.com
216,5,23,1/11/2009 0:00:00,13.86,John Gordon,69 Salem Street,Boston,MA,USA,2113,johngordon22@yahoo.com
1898,60,23,9/11/2009 0:00:00,8.91,John Gordon,69 Salem Street,Boston,MA,USA,2113,johngordon22@yahoo.com
1904,60,23,9/11/2009 0:00:00,8.91,John Gordon,69 Salem Street,Boston,MA,USA,2113,johngordon22@yahoo.com
1910,60,23,9/11/2009 0:00:00,8.91,John Gordon,69 Salem Street,Boston,MA,USA,2113,johngordon22@yahoo.com
1916,60,23,9/11/2009 0:00:00,8.91,John Gordon,69 Salem Street,Boston,MA,USA,2113,johngordon22@yahoo.com
1922,60,23,9/11/2009 0:00:00,8.91,John Gordon,69 Salem Street,Boston,MA,USA,2113,johngordon22@yahoo.com
1928,60,23,9/11/2009 0:00:00,8.91,John Gordon,69 Salem Street,Boston,MA,USA,2113,johngordon22@yahoo.com
1934,60,23,9/11/2009 0:00:00,8.91,John Gordon,69 Salem Street,Boston,MA,USA,2113,johngordon22@yahoo.com
1940,60,23,9/11/2009 0:00:00,8.91,John Gordon,69 Salem Street,Boston,MA,USA,2113,johngordon22@yahoo.com
1946,60,23,9/11/2009 0:00:00,8.91,John Gordon,69 Salem Street,Boston,MA,USA,2113,johngordon22@yahoo.com
2760,189,23,4/18/2011 0:00:00,1.98,John Gordon,69 Salem Street,Boston,MA,USA,2113,johngordon22@yahoo.com
2761,189,23,4/18/2011 0:00:00,1.98,John Gordon,69 Salem Street,Boston,MA,USA,2113,johngordon22@yahoo.com
3463,212,23,7/21/2011 0:00:00,3.96,John Gordon,69 Salem Street,Boston,MA,USA,2113,johngordon22@yahoo.com
3465,212,23,7/21/2011 0:00:00,3.96,John Gordon,69 Salem Street,Boston,MA,USA,2113,johngordon22@yahoo.com
3467,212,23,7/21/2011 0:00:00,3.96,John Gordon,69 Salem Street,Boston,MA,USA,2113,johngordon22@yahoo.com
3469,212,23,7/21/2011 0:00:00,3.96,John Gordon,69 Salem Street,Boston,MA,USA,2113,johngordon22@yahoo.com
666,234,23,10/23/2011 0:00:00,5.94,John Gordon,69 Salem Street,Boston,MA,USA,2113,johngordon22@yahoo.com
670,234,23,10/23/2011 0:00:00,5.94,John Gordon,69 Salem Street,Boston,MA,USA,2113,johngordon22@yahoo.com
674,234,23,10/23/2011 0:00:00,5.94,John Gordon,69 Salem Street,Boston,MA,USA,2113,johngordon22@yahoo.com
678,234,23,10/23/2011 0:00:00,5.94,John Gordon,69 Salem Street,Boston,MA,USA,2113,johngordon22@yahoo.com
682,234,23,10/23/2011 0:00:00,5.94,John Gordon,69 Salem Street,Boston,MA,USA,2113,johngordon22@yahoo.com
686,234,23,10/23/2011 0:00:00,5.94,John Gordon,69 Salem Street,Boston,MA,USA,2113,johngordon22@yahoo.com
2504,286,23,6/12/2012 0:00:00,0.99,John Gordon,69 Salem Street,Boston,MA,USA,2113,johngordon22@yahoo.com
2949,407,23,12/4/2013 0:00:00,1.98,John Gordon,69 Salem Street,Boston,MA,USA,2113,johngordon22@yahoo.com
2951,407,23,12/4/2013 0:00:00,1.98,John Gordon,69 Salem Street,Boston,MA,USA,2113,johngordon22@yahoo.com
3018,92,24,2/8/2010 0:00:00,1.98,Frank Ralston,162 E Superior Street,Chicago,IL,USA,60611,fralston@gmail.com
3020,92,24,2/8/2010 0:00:00,1.98,Frank Ralston,162 E Superior Street,Chicago,IL,USA,60611,fralston@gmail.com
3347,103,24,3/21/2010 0:00:00,15.86,Frank Ralston,162 E Superior Street,Chicago,IL,USA,60611,fralston@gmail.com
3356,103,24,3/21/2010 0:00:00,15.86,Frank Ralston,162 E Superior Street,Chicago,IL,USA,60611,fralston@gmail.com
3365,103,24,3/21/2010 0:00:00,15.86,Frank Ralston,162 E Superior Street,Chicago,IL,USA,60611,fralston@gmail.com
3374,103,24,3/21/2010 0:00:00,15.86,Frank Ralston,162 E Superior Street,Chicago,IL,USA,60611,fralston@gmail.com
3383,103,24,3/21/2010 0:00:00,15.86,Frank Ralston,162 E Superior Street,Chicago,IL,USA,60611,fralston@gmail.com
3392,103,24,3/21/2010 0:00:00,15.86,Frank Ralston,162 E Superior Street,Chicago,IL,USA,60611,fralston@gmail.com
3401,103,24,3/21/2010 0:00:00,15.86,Frank Ralston,162 E Superior Street,Chicago,IL,USA,60611,fralston@gmail.com
3410,103,24,3/21/2010 0:00:00,15.86,Frank Ralston,162 E Superior Street,Chicago,IL,USA,60611,fralston@gmail.com
3419,103,24,3/21/2010 0:00:00,15.86,Frank Ralston,162 E Superior Street,Chicago,IL,USA,60611,fralston@gmail.com
3428,103,24,3/21/2010 0:00:00,15.86,Frank Ralston,162 E Superior Street,Chicago,IL,USA,60611,fralston@gmail.com
3437,103,24,3/21/2010 0:00:00,15.86,Frank Ralston,162 E Superior Street,Chicago,IL,USA,60611,fralston@gmail.com
3446,103,24,3/21/2010 0:00:00,15.86,Frank Ralston,162 E Superior Street,Chicago,IL,USA,60611,fralston@gmail.com
3455,103,24,3/21/2010 0:00:00,15.86,Frank Ralston,162 E Superior Street,Chicago,IL,USA,60611,fralston@gmail.com
3464,103,24,3/21/2010 0:00:00,15.86,Frank Ralston,162 E Superior Street,Chicago,IL,USA,60611,fralston@gmail.com
1643,158,24,11/19/2010 0:00:00,8.91,Frank Ralston,162 E Superior Street,Chicago,IL,USA,60611,fralston@gmail.com
1649,158,24,11/19/2010 0:00:00,8.91,Frank Ralston,162 E Superior Street,Chicago,IL,USA,60611,fralston@gmail.com
1655,158,24,11/19/2010 0:00:00,8.91,Frank Ralston,162 E Superior Street,Chicago,IL,USA,60611,fralston@gmail.com
1661,158,24,11/19/2010 0:00:00,8.91,Frank Ralston,162 E Superior Street,Chicago,IL,USA,60611,fralston@gmail.com
1667,158,24,11/19/2010 0:00:00,8.91,Frank Ralston,162 E Superior Street,Chicago,IL,USA,60611,fralston@gmail.com
1673,158,24,11/19/2010 0:00:00,8.91,Frank Ralston,162 E Superior Street,Chicago,IL,USA,60611,fralston@gmail.com
1679,158,24,11/19/2010 0:00:00,8.91,Frank Ralston,162 E Superior Street,Chicago,IL,USA,60611,fralston@gmail.com
1685,158,24,11/19/2010 0:00:00,8.91,Frank Ralston,162 E Superior Street,Chicago,IL,USA,60611,fralston@gmail.com
1691,158,24,11/19/2010 0:00:00,8.91,Frank Ralston,162 E Superior Street,Chicago,IL,USA,60611,fralston@gmail.com
2505,287,24,6/25/2012 0:00:00,1.98,Frank Ralston,162 E Superior Street,Chicago,IL,USA,60611,fralston@gmail.com
2506,287,24,6/25/2012 0:00:00,1.98,Frank Ralston,162 E Superior Street,Chicago,IL,USA,60611,fralston@gmail.com
3208,310,24,9/27/2012 0:00:00,7.96,Frank Ralston,162 E Superior Street,Chicago,IL,USA,60611,fralston@gmail.com
3210,310,24,9/27/2012 0:00:00,7.96,Frank Ralston,162 E Superior Street,Chicago,IL,USA,60611,fralston@gmail.com
3212,310,24,9/27/2012 0:00:00,7.96,Frank Ralston,162 E Superior Street,Chicago,IL,USA,60611,fralston@gmail.com
3214,310,24,9/27/2012 0:00:00,7.96,Frank Ralston,162 E Superior Street,Chicago,IL,USA,60611,fralston@gmail.com
411,332,24,12/30/2012 0:00:00,5.94,Frank Ralston,162 E Superior Street,Chicago,IL,USA,60611,fralston@gmail.com
415,332,24,12/30/2012 0:00:00,5.94,Frank Ralston,162 E Superior Street,Chicago,IL,USA,60611,fralston@gmail.com
419,332,24,12/30/2012 0:00:00,5.94,Frank Ralston,162 E Superior Street,Chicago,IL,USA,60611,fralston@gmail.com
423,332,24,12/30/2012 0:00:00,5.94,Frank Ralston,162 E Superior Street,Chicago,IL,USA,60611,fralston@gmail.com
427,332,24,12/30/2012 0:00:00,5.94,Frank Ralston,162 E Superior Street,Chicago,IL,USA,60611,fralston@gmail.com
431,332,24,12/30/2012 0:00:00,5.94,Frank Ralston,162 E Superior Street,Chicago,IL,USA,60611,fralston@gmail.com
2249,384,24,8/20/2013 0:00:00,0.99,Frank Ralston,162 E Superior Street,Chicago,IL,USA,60611,fralston@gmail.com
480,17,25,3/6/2009 0:00:00,5.94,Victor Stevens,319 N. Frances Street,Madison,WI,USA,53703,vstevens@yahoo.com
484,17,25,3/6/2009 0:00:00,5.94,Victor Stevens,319 N. Frances Street,Madison,WI,USA,53703,vstevens@yahoo.com
488,17,25,3/6/2009 0:00:00,5.94,Victor Stevens,319 N. Frances Street,Madison,WI,USA,53703,vstevens@yahoo.com
492,17,25,3/6/2009 0:00:00,5.94,Victor Stevens,319 N. Frances Street,Madison,WI,USA,53703,vstevens@yahoo.com
496,17,25,3/6/2009 0:00:00,5.94,Victor Stevens,319 N. Frances Street,Madison,WI,USA,53703,vstevens@yahoo.com
500,17,25,3/6/2009 0:00:00,5.94,Victor Stevens,319 N. Frances Street,Madison,WI,USA,53703,vstevens@yahoo.com
2318,69,25,10/25/2009 0:00:00,0.99,Victor Stevens,319 N. Frances Street,Madison,WI,USA,53703,vstevens@yahoo.com
2763,190,25,4/18/2011 0:00:00,1.98,Victor Stevens,319 N. Frances Street,Madison,WI,USA,53703,vstevens@yahoo.com
2765,190,25,4/18/2011 0:00:00,1.98,Victor Stevens,319 N. Frances Street,Madison,WI,USA,53703,vstevens@yahoo.com
3092,201,25,5/29/2011 0:00:00,18.86,Victor Stevens,319 N. Frances Street,Madison,WI,USA,53703,vstevens@yahoo.com
3101,201,25,5/29/2011 0:00:00,18.86,Victor Stevens,319 N. Frances Street,Madison,WI,USA,53703,vstevens@yahoo.com
3110,201,25,5/29/2011 0:00:00,18.86,Victor Stevens,319 N. Frances Street,Madison,WI,USA,53703,vstevens@yahoo.com
3119,201,25,5/29/2011 0:00:00,18.86,Victor Stevens,319 N. Frances Street,Madison,WI,USA,53703,vstevens@yahoo.com
3128,201,25,5/29/2011 0:00:00,18.86,Victor Stevens,319 N. Frances Street,Madison,WI,USA,53703,vstevens@yahoo.com
3137,201,25,5/29/2011 0:00:00,18.86,Victor Stevens,319 N. Frances Street,Madison,WI,USA,53703,vstevens@yahoo.com
3146,201,25,5/29/2011 0:00:00,18.86,Victor Stevens,319 N. Frances Street,Madison,WI,USA,53703,vstevens@yahoo.com
3155,201,25,5/29/2011 0:00:00,18.86,Victor Stevens,319 N. Frances Street,Madison,WI,USA,53703,vstevens@yahoo.com
3164,201,25,5/29/2011 0:00:00,18.86,Victor Stevens,319 N. Frances Street,Madison,WI,USA,53703,vstevens@yahoo.com
3173,201,25,5/29/2011 0:00:00,18.86,Victor Stevens,319 N. Frances Street,Madison,WI,USA,53703,vstevens@yahoo.com
3182,201,25,5/29/2011 0:00:00,18.86,Victor Stevens,319 N. Frances Street,Madison,WI,USA,53703,vstevens@yahoo.com
3191,201,25,5/29/2011 0:00:00,18.86,Victor Stevens,319 N. Frances Street,Madison,WI,USA,53703,vstevens@yahoo.com
3200,201,25,5/29/2011 0:00:00,18.86,Victor Stevens,319 N. Frances Street,Madison,WI,USA,53703,vstevens@yahoo.com
3209,201,25,5/29/2011 0:00:00,18.86,Victor Stevens,319 N. Frances Street,Madison,WI,USA,53703,vstevens@yahoo.com
1388,256,25,1/27/2012 0:00:00,8.91,Victor Stevens,319 N. Frances Street,Madison,WI,USA,53703,vstevens@yahoo.com
1394,256,25,1/27/2012 0:00:00,8.91,Victor Stevens,319 N. Frances Street,Madison,WI,USA,53703,vstevens@yahoo.com
1400,256,25,1/27/2012 0:00:00,8.91,Victor Stevens,319 N. Frances Street,Madison,WI,USA,53703,vstevens@yahoo.com
1406,256,25,1/27/2012 0:00:00,8.91,Victor Stevens,319 N. Frances Street,Madison,WI,USA,53703,vstevens@yahoo.com
1412,256,25,1/27/2012 0:00:00,8.91,Victor Stevens,319 N. Frances Street,Madison,WI,USA,53703,vstevens@yahoo.com
1418,256,25,1/27/2012 0:00:00,8.91,Victor Stevens,319 N. Frances Street,Madison,WI,USA,53703,vstevens@yahoo.com
1424,256,25,1/27/2012 0:00:00,8.91,Victor Stevens,319 N. Frances Street,Madison,WI,USA,53703,vstevens@yahoo.com
1430,256,25,1/27/2012 0:00:00,8.91,Victor Stevens,319 N. Frances Street,Madison,WI,USA,53703,vstevens@yahoo.com
1436,256,25,1/27/2012 0:00:00,8.91,Victor Stevens,319 N. Frances Street,Madison,WI,USA,53703,vstevens@yahoo.com
2250,385,25,9/2/2013 0:00:00,1.98,Victor Stevens,319 N. Frances Street,Madison,WI,USA,53703,vstevens@yahoo.com
2251,385,25,9/2/2013 0:00:00,1.98,Victor Stevens,319 N. Frances Street,Madison,WI,USA,53703,vstevens@yahoo.com
2953,408,25,12/5/2013 0:00:00,3.96,Victor Stevens,319 N. Frances Street,Madison,WI,USA,53703,vstevens@yahoo.com
2955,408,25,12/5/2013 0:00:00,3.96,Victor Stevens,319 N. Frances Street,Madison,WI,USA,53703,vstevens@yahoo.com
2957,408,25,12/5/2013 0:00:00,3.96,Victor Stevens,319 N. Frances Street,Madison,WI,USA,53703,vstevens@yahoo.com
2959,408,25,12/5/2013 0:00:00,3.96,Victor Stevens,319 N. Frances Street,Madison,WI,USA,53703,vstevens@yahoo.com
2319,70,26,11/7/2009 0:00:00,1.98,Richard Cunningham,2211 W Berry Street,Fort Worth,TX,USA,76110,ricunningham@hotmail.com
2320,70,26,11/7/2009 0:00:00,1.98,Richard Cunningham,2211 W Berry Street,Fort Worth,TX,USA,76110,ricunningham@hotmail.com
3022,93,26,2/9/2010 0:00:00,3.96,Richard Cunningham,2211 W Berry Street,Fort Worth,TX,USA,76110,ricunningham@hotmail.com
3024,93,26,2/9/2010 0:00:00,3.96,Richard Cunningham,2211 W Berry Street,Fort Worth,TX,USA,76110,ricunningham@hotmail.com
3026,93,26,2/9/2010 0:00:00,3.96,Richard Cunningham,2211 W Berry Street,Fort Worth,TX,USA,76110,ricunningham@hotmail.com
3028,93,26,2/9/2010 0:00:00,3.96,Richard Cunningham,2211 W Berry Street,Fort Worth,TX,USA,76110,ricunningham@hotmail.com
225,115,26,5/14/2010 0:00:00,5.94,Richard Cunningham,2211 W Berry Street,Fort Worth,TX,USA,76110,ricunningham@hotmail.com
229,115,26,5/14/2010 0:00:00,5.94,Richard Cunningham,2211 W Berry Street,Fort Worth,TX,USA,76110,ricunningham@hotmail.com
233,115,26,5/14/2010 0:00:00,5.94,Richard Cunningham,2211 W Berry Street,Fort Worth,TX,USA,76110,ricunningham@hotmail.com
237,115,26,5/14/2010 0:00:00,5.94,Richard Cunningham,2211 W Berry Street,Fort Worth,TX,USA,76110,ricunningham@hotmail.com
241,115,26,5/14/2010 0:00:00,5.94,Richard Cunningham,2211 W Berry Street,Fort Worth,TX,USA,76110,ricunningham@hotmail.com
245,115,26,5/14/2010 0:00:00,5.94,Richard Cunningham,2211 W Berry Street,Fort Worth,TX,USA,76110,ricunningham@hotmail.com
2063,167,26,1/2/2011 0:00:00,0.99,Richard Cunningham,2211 W Berry Street,Fort Worth,TX,USA,76110,ricunningham@hotmail.com
2508,288,26,6/25/2012 0:00:00,1.98,Richard Cunningham,2211 W Berry Street,Fort Worth,TX,USA,76110,ricunningham@hotmail.com
2510,288,26,6/25/2012 0:00:00,1.98,Richard Cunningham,2211 W Berry Street,Fort Worth,TX,USA,76110,ricunningham@hotmail.com
2837,299,26,8/5/2012 0:00:00,23.86,Richard Cunningham,2211 W Berry Street,Fort Worth,TX,USA,76110,ricunningham@hotmail.com
2846,299,26,8/5/2012 0:00:00,23.86,Richard Cunningham,2211 W Berry Street,Fort Worth,TX,USA,76110,ricunningham@hotmail.com
2855,299,26,8/5/2012 0:00:00,23.86,Richard Cunningham,2211 W Berry Street,Fort Worth,TX,USA,76110,ricunningham@hotmail.com
2864,299,26,8/5/2012 0:00:00,23.86,Richard Cunningham,2211 W Berry Street,Fort Worth,TX,USA,76110,ricunningham@hotmail.com
2873,299,26,8/5/2012 0:00:00,23.86,Richard Cunningham,2211 W Berry Street,Fort Worth,TX,USA,76110,ricunningham@hotmail.com
2882,299,26,8/5/2012 0:00:00,23.86,Richard Cunningham,2211 W Berry Street,Fort Worth,TX,USA,76110,ricunningham@hotmail.com
2891,299,26,8/5/2012 0:00:00,23.86,Richard Cunningham,2211 W Berry Street,Fort Worth,TX,USA,76110,ricunningham@hotmail.com
2900,299,26,8/5/2012 0:00:00,23.86,Richard Cunningham,2211 W Berry Street,Fort Worth,TX,USA,76110,ricunningham@hotmail.com
2909,299,26,8/5/2012 0:00:00,23.86,Richard Cunningham,2211 W Berry Street,Fort Worth,TX,USA,76110,ricunningham@hotmail.com
2918,299,26,8/5/2012 0:00:00,23.86,Richard Cunningham,2211 W Berry Street,Fort Worth,TX,USA,76110,ricunningham@hotmail.com
2927,299,26,8/5/2012 0:00:00,23.86,Richard Cunningham,2211 W Berry Street,Fort Worth,TX,USA,76110,ricunningham@hotmail.com
2936,299,26,8/5/2012 0:00:00,23.86,Richard Cunningham,2211 W Berry Street,Fort Worth,TX,USA,76110,ricunningham@hotmail.com
2945,299,26,8/5/2012 0:00:00,23.86,Richard Cunningham,2211 W Berry Street,Fort Worth,TX,USA,76110,ricunningham@hotmail.com
2954,299,26,8/5/2012 0:00:00,23.86,Richard Cunningham,2211 W Berry Street,Fort Worth,TX,USA,76110,ricunningham@hotmail.com
1133,354,26,4/5/2013 0:00:00,8.91,Richard Cunningham,2211 W Berry Street,Fort Worth,TX,USA,76110,ricunningham@hotmail.com
1139,354,26,4/5/2013 0:00:00,8.91,Richard Cunningham,2211 W Berry Street,Fort Worth,TX,USA,76110,ricunningham@hotmail.com
1145,354,26,4/5/2013 0:00:00,8.91,Richard Cunningham,2211 W Berry Street,Fort Worth,TX,USA,76110,ricunningham@hotmail.com
1151,354,26,4/5/2013 0:00:00,8.91,Richard Cunningham,2211 W Berry Street,Fort Worth,TX,USA,76110,ricunningham@hotmail.com
1157,354,26,4/5/2013 0:00:00,8.91,Richard Cunningham,2211 W Berry Street,Fort Worth,TX,USA,76110,ricunningham@hotmail.com
1163,354,26,4/5/2013 0:00:00,8.91,Richard Cunningham,2211 W Berry Street,Fort Worth,TX,USA,76110,ricunningham@hotmail.com
1169,354,26,4/5/2013 0:00:00,8.91,Richard Cunningham,2211 W Berry Street,Fort Worth,TX,USA,76110,ricunningham@hotmail.com
1175,354,26,4/5/2013 0:00:00,8.91,Richard Cunningham,2211 W Berry Street,Fort Worth,TX,USA,76110,ricunningham@hotmail.com
1181,354,26,4/5/2013 0:00:00,8.91,Richard Cunningham,2211 W Berry Street,Fort Worth,TX,USA,76110,ricunningham@hotmail.com
1202,39,27,6/10/2009 0:00:00,8.91,Patrick Gray,1033 N Park Ave,Tucson,AZ,USA,85719,patrick.gray@aol.com
1208,39,27,6/10/2009 0:00:00,8.91,Patrick Gray,1033 N Park Ave,Tucson,AZ,USA,85719,patrick.gray@aol.com
1214,39,27,6/10/2009 0:00:00,8.91,Patrick Gray,1033 N Park Ave,Tucson,AZ,USA,85719,patrick.gray@aol.com
1220,39,27,6/10/2009 0:00:00,8.91,Patrick Gray,1033 N Park Ave,Tucson,AZ,USA,85719,patrick.gray@aol.com
1226,39,27,6/10/2009 0:00:00,8.91,Patrick Gray,1033 N Park Ave,Tucson,AZ,USA,85719,patrick.gray@aol.com
1232,39,27,6/10/2009 0:00:00,8.91,Patrick Gray,1033 N Park Ave,Tucson,AZ,USA,85719,patrick.gray@aol.com
1238,39,27,6/10/2009 0:00:00,8.91,Patrick Gray,1033 N Park Ave,Tucson,AZ,USA,85719,patrick.gray@aol.com
1244,39,27,6/10/2009 0:00:00,8.91,Patrick Gray,1033 N Park Ave,Tucson,AZ,USA,85719,patrick.gray@aol.com
1250,39,27,6/10/2009 0:00:00,8.91,Patrick Gray,1033 N Park Ave,Tucson,AZ,USA,85719,patrick.gray@aol.com
2064,168,27,1/15/2011 0:00:00,1.98,Patrick Gray,1033 N Park Ave,Tucson,AZ,USA,85719,patrick.gray@aol.com
2065,168,27,1/15/2011 0:00:00,1.98,Patrick Gray,1033 N Park Ave,Tucson,AZ,USA,85719,patrick.gray@aol.com
2767,191,27,4/19/2011 0:00:00,3.96,Patrick Gray,1033 N Park Ave,Tucson,AZ,USA,85719,patrick.gray@aol.com
2769,191,27,4/19/2011 0:00:00,3.96,Patrick Gray,1033 N Park Ave,Tucson,AZ,USA,85719,patrick.gray@aol.com
2771,191,27,4/19/2011 0:00:00,3.96,Patrick Gray,1033 N Park Ave,Tucson,AZ,USA,85719,patrick.gray@aol.com
2773,191,27,4/19/2011 0:00:00,3.96,Patrick Gray,1033 N Park Ave,Tucson,AZ,USA,85719,patrick.gray@aol.com
3473,213,27,7/22/2011 0:00:00,5.94,Patrick Gray,1033 N Park Ave,Tucson,AZ,USA,85719,patrick.gray@aol.com
3477,213,27,7/22/2011 0:00:00,5.94,Patrick Gray,1033 N Park Ave,Tucson,AZ,USA,85719,patrick.gray@aol.com
3481,213,27,7/22/2011 0:00:00,5.94,Patrick Gray,1033 N Park Ave,Tucson,AZ,USA,85719,patrick.gray@aol.com
3485,213,27,7/22/2011 0:00:00,5.94,Patrick Gray,1033 N Park Ave,Tucson,AZ,USA,85719,patrick.gray@aol.com
3489,213,27,7/22/2011 0:00:00,5.94,Patrick Gray,1033 N Park Ave,Tucson,AZ,USA,85719,patrick.gray@aol.com
3493,213,27,7/22/2011 0:00:00,5.94,Patrick Gray,1033 N Park Ave,Tucson,AZ,USA,85719,patrick.gray@aol.com
1808,265,27,3/11/2012 0:00:00,0.99,Patrick Gray,1033 N Park Ave,Tucson,AZ,USA,85719,patrick.gray@aol.com
2253,386,27,9/2/2013 0:00:00,1.98,Patrick Gray,1033 N Park Ave,Tucson,AZ,USA,85719,patrick.gray@aol.com
2255,386,27,9/2/2013 0:00:00,1.98,Patrick Gray,1033 N Park Ave,Tucson,AZ,USA,85719,patrick.gray@aol.com
2582,397,27,10/13/2013 0:00:00,13.86,Patrick Gray,1033 N Park Ave,Tucson,AZ,USA,85719,patrick.gray@aol.com
2591,397,27,10/13/2013 0:00:00,13.86,Patrick Gray,1033 N Park Ave,Tucson,AZ,USA,85719,patrick.gray@aol.com
2600,397,27,10/13/2013 0:00:00,13.86,Patrick Gray,1033 N Park Ave,Tucson,AZ,USA,85719,patrick.gray@aol.com
2609,397,27,10/13/2013 0:00:00,13.86,Patrick Gray,1033 N Park Ave,Tucson,AZ,USA,85719,patrick.gray@aol.com
2618,397,27,10/13/2013 0:00:00,13.86,Patrick Gray,1033 N Park Ave,Tucson,AZ,USA,85719,patrick.gray@aol.com
2627,397,27,10/13/2013 0:00:00,13.86,Patrick Gray,1033 N Park Ave,Tucson,AZ,USA,85719,patrick.gray@aol.com
2636,397,27,10/13/2013 0:00:00,13.86,Patrick Gray,1033 N Park Ave,Tucson,AZ,USA,85719,patrick.gray@aol.com
2645,397,27,10/13/2013 0:00:00,13.86,Patrick Gray,1033 N Park Ave,Tucson,AZ,USA,85719,patrick.gray@aol.com
2654,397,27,10/13/2013 0:00:00,13.86,Patrick Gray,1033 N Park Ave,Tucson,AZ,USA,85719,patrick.gray@aol.com
2663,397,27,10/13/2013 0:00:00,13.86,Patrick Gray,1033 N Park Ave,Tucson,AZ,USA,85719,patrick.gray@aol.com
2672,397,27,10/13/2013 0:00:00,13.86,Patrick Gray,1033 N Park Ave,Tucson,AZ,USA,85719,patrick.gray@aol.com
2681,397,27,10/13/2013 0:00:00,13.86,Patrick Gray,1033 N Park Ave,Tucson,AZ,USA,85719,patrick.gray@aol.com
2690,397,27,10/13/2013 0:00:00,13.86,Patrick Gray,1033 N Park Ave,Tucson,AZ,USA,85719,patrick.gray@aol.com
2699,397,27,10/13/2013 0:00:00,13.86,Patrick Gray,1033 N Park Ave,Tucson,AZ,USA,85719,patrick.gray@aol.com
2322,71,28,11/7/2009 0:00:00,1.98,Julia Barnett,302 S 700 E,Salt Lake City,UT,USA,84102,jubarnett@gmail.com
2324,71,28,11/7/2009 0:00:00,1.98,Julia Barnett,302 S 700 E,Salt Lake City,UT,USA,84102,jubarnett@gmail.com
2651,82,28,12/18/2009 0:00:00,13.86,Julia Barnett,302 S 700 E,Salt Lake City,UT,USA,84102,jubarnett@gmail.com
2660,82,28,12/18/2009 0:00:00,13.86,Julia Barnett,302 S 700 E,Salt Lake City,UT,USA,84102,jubarnett@gmail.com
2669,82,28,12/18/2009 0:00:00,13.86,Julia Barnett,302 S 700 E,Salt Lake City,UT,USA,84102,jubarnett@gmail.com
2678,82,28,12/18/2009 0:00:00,13.86,Julia Barnett,302 S 700 E,Salt Lake City,UT,USA,84102,jubarnett@gmail.com
2687,82,28,12/18/2009 0:00:00,13.86,Julia Barnett,302 S 700 E,Salt Lake City,UT,USA,84102,jubarnett@gmail.com
2696,82,28,12/18/2009 0:00:00,13.86,Julia Barnett,302 S 700 E,Salt Lake City,UT,USA,84102,jubarnett@gmail.com
2705,82,28,12/18/2009 0:00:00,13.86,Julia Barnett,302 S 700 E,Salt Lake City,UT,USA,84102,jubarnett@gmail.com
2714,82,28,12/18/2009 0:00:00,13.86,Julia Barnett,302 S 700 E,Salt Lake City,UT,USA,84102,jubarnett@gmail.com
2723,82,28,12/18/2009 0:00:00,13.86,Julia Barnett,302 S 700 E,Salt Lake City,UT,USA,84102,jubarnett@gmail.com
2732,82,28,12/18/2009 0:00:00,13.86,Julia Barnett,302 S 700 E,Salt Lake City,UT,USA,84102,jubarnett@gmail.com
2741,82,28,12/18/2009 0:00:00,13.86,Julia Barnett,302 S 700 E,Salt Lake City,UT,USA,84102,jubarnett@gmail.com
2750,82,28,12/18/2009 0:00:00,13.86,Julia Barnett,302 S 700 E,Salt Lake City,UT,USA,84102,jubarnett@gmail.com
2759,82,28,12/18/2009 0:00:00,13.86,Julia Barnett,302 S 700 E,Salt Lake City,UT,USA,84102,jubarnett@gmail.com
2768,82,28,12/18/2009 0:00:00,13.86,Julia Barnett,302 S 700 E,Salt Lake City,UT,USA,84102,jubarnett@gmail.com
947,137,28,8/18/2010 0:00:00,8.91,Julia Barnett,302 S 700 E,Salt Lake City,UT,USA,84102,jubarnett@gmail.com
953,137,28,8/18/2010 0:00:00,8.91,Julia Barnett,302 S 700 E,Salt Lake City,UT,USA,84102,jubarnett@gmail.com
959,137,28,8/18/2010 0:00:00,8.91,Julia Barnett,302 S 700 E,Salt Lake City,UT,USA,84102,jubarnett@gmail.com
965,137,28,8/18/2010 0:00:00,8.91,Julia Barnett,302 S 700 E,Salt Lake City,UT,USA,84102,jubarnett@gmail.com
971,137,28,8/18/2010 0:00:00,8.91,Julia Barnett,302 S 700 E,Salt Lake City,UT,USA,84102,jubarnett@gmail.com
977,137,28,8/18/2010 0:00:00,8.91,Julia Barnett,302 S 700 E,Salt Lake City,UT,USA,84102,jubarnett@gmail.com
983,137,28,8/18/2010 0:00:00,8.91,Julia Barnett,302 S 700 E,Salt Lake City,UT,USA,84102,jubarnett@gmail.com
989,137,28,8/18/2010 0:00:00,8.91,Julia Barnett,302 S 700 E,Salt Lake City,UT,USA,84102,jubarnett@gmail.com
995,137,28,8/18/2010 0:00:00,8.91,Julia Barnett,302 S 700 E,Salt Lake City,UT,USA,84102,jubarnett@gmail.com
1809,266,28,3/24/2012 0:00:00,1.98,Julia Barnett,302 S 700 E,Salt Lake City,UT,USA,84102,jubarnett@gmail.com
1810,266,28,3/24/2012 0:00:00,1.98,Julia Barnett,302 S 700 E,Salt Lake City,UT,USA,84102,jubarnett@gmail.com
2512,289,28,6/26/2012 0:00:00,3.96,Julia Barnett,302 S 700 E,Salt Lake City,UT,USA,84102,jubarnett@gmail.com
2514,289,28,6/26/2012 0:00:00,3.96,Julia Barnett,302 S 700 E,Salt Lake City,UT,USA,84102,jubarnett@gmail.com
2516,289,28,6/26/2012 0:00:00,3.96,Julia Barnett,302 S 700 E,Salt Lake City,UT,USA,84102,jubarnett@gmail.com
2518,289,28,6/26/2012 0:00:00,3.96,Julia Barnett,302 S 700 E,Salt Lake City,UT,USA,84102,jubarnett@gmail.com
3218,311,28,9/28/2012 0:00:00,11.94,Julia Barnett,302 S 700 E,Salt Lake City,UT,USA,84102,jubarnett@gmail.com
3222,311,28,9/28/2012 0:00:00,11.94,Julia Barnett,302 S 700 E,Salt Lake City,UT,USA,84102,jubarnett@gmail.com
3226,311,28,9/28/2012 0:00:00,11.94,Julia Barnett,302 S 700 E,Salt Lake City,UT,USA,84102,jubarnett@gmail.com
3230,311,28,9/28/2012 0:00:00,11.94,Julia Barnett,302 S 700 E,Salt Lake City,UT,USA,84102,jubarnett@gmail.com
3234,311,28,9/28/2012 0:00:00,11.94,Julia Barnett,302 S 700 E,Salt Lake City,UT,USA,84102,jubarnett@gmail.com
3238,311,28,9/28/2012 0:00:00,11.94,Julia Barnett,302 S 700 E,Salt Lake City,UT,USA,84102,jubarnett@gmail.com
1553,363,28,5/19/2013 0:00:00,0.99,Julia Barnett,302 S 700 E,Salt Lake City,UT,USA,84102,jubarnett@gmail.com
698,22,57,4/4/2009 0:00:00,1.98,Luis Rojas,"Calle Lira, 198",Santiago,,Chile,,luisrojas@yahoo.cl
700,22,57,4/4/2009 0:00:00,1.98,Luis Rojas,"Calle Lira, 198",Santiago,,Chile,,luisrojas@yahoo.cl
1027,33,57,5/15/2009 0:00:00,13.86,Luis Rojas,"Calle Lira, 198",Santiago,,Chile,,luisrojas@yahoo.cl
1036,33,57,5/15/2009 0:00:00,13.86,Luis Rojas,"Calle Lira, 198",Santiago,,Chile,,luisrojas@yahoo.cl
1045,33,57,5/15/2009 0:00:00,13.86,Luis Rojas,"Calle Lira, 198",Santiago,,Chile,,luisrojas@yahoo.cl
1054,33,57,5/15/2009 0:00:00,13.86,Luis Rojas,"Calle Lira, 198",Santiago,,Chile,,luisrojas@yahoo.cl